host,service,pool,threads_max,threads_observed,cpu_pct,runqueue_wait_pct,runnable_pct,thread_runnable_p75,thread_runnable_p95
adfe100,CampaignManager,bs-grpc,4,4,1.343956631878554,27.141560426952065,28.485517058830624,29.270957818903113,38.08691377289015
adfe100,CampaignManager,bs-grpc-c,1,1,7.017710323165532,11.65995285296148,18.67766317612701,18.67766317612701,18.67766317612701
adfe100,CampaignManager,cm-grpc-p,16,16,18.055262279477617,29.924623908883994,47.97988618836161,51.54848440017203,53.150996240778376
adfe100,CampaignManager,cm-logging,4,4,23.353100651891918,45.895987726698955,69.24908837859087,71.31433658439363,76.63274089639096
adfe100,CampaignManager,event_engine,16,16,2.3016785634874752,19.110227980530468,21.411906544017945,27.059577604776635,42.30299114997571
adfe100,CampaignManager,fast-scheduler,1,1,0.0,0.0,0.0,0.0,0.0
adfe100,CampaignManager,grpc-server,16,16,2.594706599727822,15.295030712631661,17.889737312359483,20.92067649431837,25.345841573220625
adfe100,CampaignManager,grpc_global,1,1,0.005289398009900544,0.18763367918160098,0.1929230771915015,0.1929230771915015,0.1929230771915015
adfe100,CampaignManager,grpcpp_sync,1,1,0.0004892280574842318,0.007513480011161634,0.008002708068645866,0.008002708068645866,0.008002708068645866
adfe100,CampaignManager,http-server,4,4,3.607722155696608e-06,0.00016392169319007652,0.00016752941534577316,0.00016752941534577316,0.0005696000121756285
adfe100,CampaignManager,jemalloc_bg,4,4,0.6114163170218363,0.13018949157597573,0.7416058085978121,0.845276720260147,0.9135646194159623
adfe100,CampaignManager,lifeguard,1,1,0.006439051970235268,0.3003444889492435,0.30678354091947874,0.30678354091947874,0.30678354091947874
adfe100,CampaignManager,task-runner,5,5,9.36664670563717,6.962536635527915,16.329183341165084,3.490471641132953,61.84332576829419
adfe100,ChannelServer,cs-grpc-p,16,16,34.94757389757743,29.810550120885782,64.7581240184632,66.66456612086473,69.05437696374338
adfe100,ChannelServer,event_engine,16,16,1.8559183370821821,12.520087146436689,14.376005483518872,16.288887510508896,19.82456739435084
adfe100,ChannelServer,fast-scheduler,1,1,0.0,0.0,0.0,0.0,0.0
adfe100,ChannelServer,grpc-server,16,16,2.2647963541850498,13.993706077043413,16.258502431228465,20.450959288374904,26.666703834674248
adfe100,ChannelServer,grpc_global,1,1,0.004246292227229825,0.16682503744880964,0.17107132967603947,0.17107132967603947,0.17107132967603947
adfe100,ChannelServer,grpcpp_sync,2,2,0.0004106375807101024,0.013021937997029791,0.013432575577739895,0.015132423666691007,0.016492302137851897
adfe100,ChannelServer,http-server,4,4,3.936094621326675e-06,0.00011324404265216532,0.000117180137273492,0.000117180137273492,0.00039841246672987264
adfe100,ChannelServer,jemalloc_bg,4,4,0.07883161020473461,0.07445609201653398,0.15328770222126858,0.21864370968034583,0.22525605384644987
adfe100,ChannelServer,lifeguard,1,1,0.0073030719684186295,0.237324863999695,0.2446279359681136,0.2446279359681136,0.2446279359681136
adfe100,ChannelServer,task-runner,2,2,0.28094427559623947,0.48908073937122903,0.7700250149674684,1.1550375224512026,1.46304752843819
adfe100,FCGIActionServer,bid-request,64,64,0.07251585702767421,0.7374720212262311,0.8099878782539054,1.0233511855528392,1.171397463177283
adfe100,FCGIAdServer,bid-request,128,128,3.491930080626756e-06,1.270104650491177e-05,1.6192976585538525e-05,0.0,7.728615350752817e-05
adfe100,FCGIRtbServer,bid-request,20,20,48.580986187902425,30.59382247062734,79.17480865852977,82.25586127449785,84.73988780982228
adfe100,FCGIRtbServer,event_engine,16,16,3.929042284506423,32.74230769605483,36.67134998056125,38.98997714697945,48.86449115774363
adfe100,FCGIRtbServer,fast-scheduler,10,10,4.134422946467284,48.89484307205503,53.029266018522314,59.306014956133055,63.361545564314305
adfe100,FCGIRtbServer,fcgi-accept,16,16,16.07234428679414,60.07298652641693,76.14533081321107,76.12285329009825,78.82590362815282
adfe100,FCGIRtbServer,grpc-asio-p,10,10,12.852625282280808,37.92883975375955,50.781465036040366,51.23979646270063,56.55830648449043
adfe100,FCGIRtbServer,grpc-common,16,16,14.847300081413067,36.87300084961064,51.72030093102371,55.90247033630801,59.98531502397993
adfe100,FCGIRtbServer,grpc_global,1,1,0.006040363547301885,0.18034055746971986,0.18638092101702175,0.18638092101702175,0.18638092101702175
adfe100,FCGIRtbServer,http-server,4,4,3.681929916296424e-06,2.826644850697086e-06,6.50857476699351e-06,6.50857476699351e-06,2.2129154207777926e-05
adfe100,FCGIRtbServer,jemalloc_bg,4,4,1.3825312716188465,0.30401704268790497,1.6865483143067512,1.7654771668026394,1.8143652779855008
adfe100,FCGIRtbServer,lifeguard,1,1,0.005468448461327267,0.20386928687561373,0.209337735336941,0.209337735336941,0.209337735336941
adfe100,FCGIRtbServer,task-runner,9,9,0.8016878450760715,0.7126795446879085,1.51436738976398,0.04173979868668013,8.10553372670684
adfe100,FCGITrackServer,bid-request,64,64,0.12900145241450114,0.7750861375985673,0.9040875900130684,1.1049983860269232,1.2502869639185534
adfe100,FCGIUserBindServer,bid-request,64,64,0.5777401993160273,4.478543688258305,5.056283887574332,6.304588350396901,7.258461826710181
adfe100,UserBindServer,event_engine,16,16,1.478818151864689,23.47284078188662,24.95165893375131,25.810037332195137,35.66047699772281
adfe100,UserBindServer,fast-scheduler,1,1,6.996001904710526,28.7387250104534,35.734726915163925,35.734726915163925,35.734726915163925
adfe100,UserBindServer,grpc-server,16,16,2.14982020797413,14.015560046750057,16.165380254724187,20.028784580916373,25.035262491595027
adfe100,UserBindServer,grpc_global,1,1,0.005968760266600762,0.11836868926694608,0.12433744953354683,0.12433744953354683,0.12433744953354683
adfe100,UserBindServer,http-server,4,4,3.357765751520137e-06,1.1351995718933095e-06,4.492965323413447e-06,4.492965323413447e-06,1.5276082099605713e-05
adfe100,UserBindServer,jemalloc_bg,4,4,0.10144786377809263,0.021994475455558285,0.12344233923365093,0.1289657829788594,0.14403248629444498
adfe100,UserBindServer,lifeguard,1,1,0.0071527241287992465,0.22670164465608525,0.2338543687848845,0.2338543687848845,0.2338543687848845
adfe100,UserBindServer,rdb-batch,16,16,39.05936796210007,32.75919452493107,71.81856248703113,73.45587946602276,76.1749223750221
adfe100,UserBindServer,task-runner,13,13,0.004614021748077548,0.0042358182183243566,0.008849839966401905,0.0,0.04899575891870578
adfe100,UserBindServer,ub-grpc-p,8,8,16.659575433320228,55.54459010562642,72.20416553894665,76.45023328259653,77.23933701682328
adfe100,UserInfoManager,event_engine,16,16,1.2674560751932271,25.832611791882726,27.100067867075957,29.4553042937886,35.94665433880539
adfe100,UserInfoManager,fast-scheduler,1,1,5.341357438712391,44.20442465642929,49.545782095141675,49.545782095141675,49.545782095141675
adfe100,UserInfoManager,grpc-server,16,16,2.1233114681928766,8.43793116374104,10.561242631933917,11.794293402416367,21.471829754698867
adfe100,UserInfoManager,grpc_global,1,1,0.00449710845810351,0.08363578533457242,0.08813289379267591,0.08813289379267591,0.08813289379267591
adfe100,UserInfoManager,grpcpp_sync,1,1,0.00046895554728025823,0.02180924301017736,0.022278198557457617,0.022278198557457617,0.022278198557457617
adfe100,UserInfoManager,http-server,4,4,2.8451030415705944e-06,0.0,2.845103041570595e-06,2.845103041570595e-06,9.673350341340018e-06
adfe100,UserInfoManager,jemalloc_bg,4,4,1.0827990158194039,0.2667998458042381,1.349598861623642,1.6096168398534867,1.6739612704448867
adfe100,UserInfoManager,lifeguard,1,1,0.006528402280631955,0.490514141058273,0.497042543338905,0.497042543338905,0.497042543338905
adfe100,UserInfoManager,rdb-batch,16,16,17.190327300731052,38.599960721042905,55.79028802177396,59.40628003258154,62.84118921146076
adfe100,UserInfoManager,task-runner,13,13,0.013659305693227524,0.015288312877003775,0.0289476185702313,0.0,0.15918389172296818
adfe100,UserInfoManager,uim-grpc-p,10,10,27.667256431935986,42.52159289656327,70.18884932849924,72.15616273949348,75.99791487048631
adfe101,CampaignManager,bs-grpc,4,4,1.2470226087911727,11.433878075517855,12.680900684309027,13.762523323100233,14.611105975760687
adfe101,CampaignManager,bs-grpc-c,1,1,6.0500033631069305,30.35581859525348,36.40582195836041,36.40582195836041,36.40582195836041
adfe101,CampaignManager,cm-grpc-p,16,16,20.677968368475494,20.254625318750666,40.93259368722616,40.93607841674371,48.18251457222227
adfe101,CampaignManager,cm-logging,4,4,24.420496796653147,26.429566481616742,50.850063278269886,50.987472424391484,51.09433158557583
adfe101,CampaignManager,event_engine,16,16,1.9816539768618457,23.827117791271842,25.80877176813369,27.507380682431723,33.06577865130207
adfe101,CampaignManager,fast-scheduler,1,1,0.0,0.0,0.0,0.0,0.0
adfe101,CampaignManager,grpc-server,16,16,2.916967900388587,12.896255392849746,15.813223293238332,17.544003956622937,21.036365369882603
adfe101,CampaignManager,grpc_global,1,1,0.00515649735139146,0.09341184382141811,0.09856834117280956,0.09856834117280956,0.09856834117280956
adfe101,CampaignManager,grpcpp_sync,1,1,0.00043829272577657416,0.009232602351249808,0.009670895077026382,0.009670895077026382,0.009670895077026382
adfe101,CampaignManager,http-server,4,4,4.022051757545669e-06,0.0002189043647881335,0.00022292641654567916,0.00022292641654567916,0.0007579498162553088
adfe101,CampaignManager,jemalloc_bg,4,4,0.4923171260656823,0.2940129504273305,0.7863300764930128,0.8398889443535275,1.0180401482478092
adfe101,CampaignManager,lifeguard,1,1,0.005328657333154163,0.21127313486504257,0.2166017921981967,0.2166017921981967,0.2166017921981967
adfe101,CampaignManager,task-runner,5,5,8.962599908348986,8.040723927023357,17.003323835372345,19.629129865077804,53.27875036645711
adfe101,ChannelServer,cs-grpc-p,16,16,41.861412844959894,12.461213312001359,54.32262615696125,54.89156602507066,55.24661529553052
adfe101,ChannelServer,event_engine,16,16,1.5123557706239634,22.853931829190852,24.366287599814818,24.741789529041007,26.712675269690685
adfe101,ChannelServer,fast-scheduler,1,1,0.0,0.0,0.0,0.0,0.0
adfe101,ChannelServer,grpc-server,16,16,2.3243618425328783,10.9128735713443,13.237235413877176,16.63129498791348,20.95988282148826
adfe101,ChannelServer,grpc_global,1,1,0.005051568841816879,0.17057096040424685,0.17562252924606372,0.17562252924606372,0.17562252924606372
adfe101,ChannelServer,grpcpp_sync,2,2,0.0004586398160383509,0.009261658623138703,0.009720298439177055,0.011397303981898872,0.012738908416076328
adfe101,ChannelServer,http-server,4,4,4.757004321011411e-06,0.0,4.757004321011411e-06,4.757004321011411e-06,1.617381469143879e-05
adfe101,ChannelServer,jemalloc_bg,4,4,0.05118360546624135,0.0560246729189678,0.10720827838520916,0.11451616122179031,0.15666485852641732
adfe101,ChannelServer,lifeguard,1,1,0.0071273808786418485,0.3422838863433029,0.34941126722194477,0.34941126722194477,0.34941126722194477
adfe101,ChannelServer,task-runner,2,2,0.2808886230870497,0.21950141943418983,0.5003900425212395,0.7505850637818593,0.950741080790355
adfe101,FCGIActionServer,bid-request,64,64,0.07611744085963595,0.7646748211678707,0.8407922620275066,0.9310627684532258,1.225553651286801
adfe101,FCGIAdServer,bid-request,128,128,4.0485059769457436e-06,1.6119278400835035e-05,2.0167784377780777e-05,0.0,7.572689716003895e-05
adfe101,FCGIRtbServer,bid-request,20,20,49.31730312255062,28.088072974551768,77.40537609710239,80.16495747180721,84.67995136256184
adfe101,FCGIRtbServer,event_engine,16,16,3.833526454334566,35.61715716185276,39.45068361618733,44.39485971483799,51.135455891914276
adfe101,FCGIRtbServer,fast-scheduler,10,10,4.2479177578636556,56.57294168382582,60.82085944168948,61.882920292487086,70.51143569983046
adfe101,FCGIRtbServer,fcgi-accept,16,16,16.3698599185614,57.04567387545046,73.41553379401185,75.54943837758411,76.58792241783374
adfe101,FCGIRtbServer,grpc-asio-p,10,10,12.959867342601449,39.65007441964909,52.609941762250536,54.43304889827745,57.8773267153754
adfe101,FCGIRtbServer,grpc-common,16,16,14.41419776420892,33.54265119029514,47.95684895450405,51.115353966352785,58.33721485497191
adfe101,FCGIRtbServer,grpc_global,1,1,0.006221364324809141,0.13325086422521526,0.1394722285500244,0.1394722285500244,0.1394722285500244
adfe101,FCGIRtbServer,http-server,4,4,3.1895582931743598e-06,9.853880973798435e-06,1.3043439266972794e-05,1.3043439266972794e-05,4.434769350770748e-05
adfe101,FCGIRtbServer,jemalloc_bg,4,4,1.5770668812652708,0.4315459294100902,2.008612810675361,2.047599704018924,2.345284076298145
adfe101,FCGIRtbServer,lifeguard,1,1,0.006122331435616676,0.13958189835570997,0.14570422979132666,0.14570422979132666,0.14570422979132666
adfe101,FCGIRtbServer,task-runner,9,9,0.8307930007581191,1.6098814275982798,2.440674428356399,0.08206291525140667,13.022422379269367
adfe101,FCGITrackServer,bid-request,64,64,0.1274806996524581,0.7697616299856344,0.8972423296380925,1.0004246036665783,1.2810155127575475
adfe101,FCGIUserBindServer,bid-request,64,64,0.6170217000750774,4.608400316612852,5.225422016687929,5.775253413118871,7.9668971606960195
adfe101,UserBindServer,event_engine,16,16,1.5324080885123998,26.463483221191474,27.995891309703875,33.080854685445146,39.12713626139559
adfe101,UserBindServer,fast-scheduler,1,1,7.249758098565755,44.61756929150268,51.86732739006844,51.86732739006844,51.86732739006844
adfe101,UserBindServer,grpc-server,16,16,2.3234345663855307,14.122488289062355,16.445922855447886,20.74213590998835,28.678030721381816
adfe101,UserBindServer,grpc_global,1,1,0.005965884997158849,0.11275288464802026,0.1187187696451791,0.1187187696451791,0.1187187696451791
adfe101,UserBindServer,http-server,4,4,7.518982637640306e-06,0.0001507852329020649,0.0001583042155397052,0.0001583042155397052,0.0005382343328349975
adfe101,UserBindServer,jemalloc_bg,4,4,0.11810485958978231,0.033750308329246075,0.15185516791902837,0.164203835515422,0.17968046071359642
adfe101,UserBindServer,lifeguard,1,1,0.010016390364658043,0.35114018664877467,0.36115657701343273,0.36115657701343273,0.36115657701343273
adfe101,UserBindServer,rdb-batch,16,16,37.693121508659075,38.64427065511876,76.33739216377784,78.54124108568831,79.83845349574776
adfe101,UserBindServer,task-runner,13,13,0.0047241717326152715,0.006727605953038967,0.01145177768565424,0.0,0.06332878292683469
adfe101,UserBindServer,ub-grpc-p,8,8,16.86193838975068,59.94818764515736,76.81012603490804,77.16744686568047,78.05137045796599
adfe101,UserInfoManager,event_engine,16,16,1.4497875067744634,20.137040436484963,21.586827943259426,24.749749681923497,26.307607112787423
adfe101,UserInfoManager,fast-scheduler,1,1,4.957568065952303,25.578259133446963,30.535827199399268,30.535827199399268,30.535827199399268
adfe101,UserInfoManager,grpc-server,16,16,1.733090362085264,9.215938845277773,10.949029207363035,11.192033573783423,28.374067367530124
adfe101,UserInfoManager,grpc_global,1,1,0.004616308758898704,0.13984579045064777,0.14446209920954647,0.14446209920954647,0.14446209920954647
adfe101,UserInfoManager,grpcpp_sync,1,1,0.000463252863156189,0.020445670654521582,0.02090892351767777,0.02090892351767777,0.02090892351767777
adfe101,UserInfoManager,http-server,4,4,2.222940881765451e-06,0.0,2.222940881765451e-06,2.222940881765451e-06,7.5579989980025295e-06
adfe101,UserInfoManager,jemalloc_bg,4,4,0.8776051986724536,0.3306017128478197,1.2082069115202734,1.3230137480850683,1.6070429089668024
adfe101,UserInfoManager,lifeguard,1,1,0.005651513798515672,0.2579742857298742,0.2636257995283898,0.2636257995283898,0.2636257995283898
adfe101,UserInfoManager,rdb-batch,16,16,18.48571929957135,31.360489203513175,49.846208503084526,50.128411833298166,57.24023808363756
adfe101,UserInfoManager,task-runner,13,13,0.01206911522375839,0.0071302426510468225,0.019199357874805215,0.0,0.11502826715141722
adfe101,UserInfoManager,uim-grpc-p,10,10,27.783192002020655,30.73699615885549,58.52018816087614,59.92522633043982,69.5995199060857
adfe102,CampaignManager,bs-grpc,4,4,0.7346930185527936,4.885579771869847,5.62027279042264,5.903744411811624,16.755798546622263
adfe102,CampaignManager,bs-grpc-c,1,1,4.644922298836731,20.850411308409477,25.495333607246206,25.495333607246206,25.495333607246206
adfe102,CampaignManager,cm-grpc-p,16,16,14.12649439595345,19.505760335167377,33.632254731120824,34.66691877550491,36.58484102871786
adfe102,CampaignManager,cm-logging,4,4,15.893905815341839,40.09065716014086,55.984562975482696,57.69658540255764,62.544235579077444
adfe102,CampaignManager,event_engine,16,16,2.0000309750708136,14.82931844255568,16.829349417626492,24.243871440817852,26.193134105963857
adfe102,CampaignManager,fast-scheduler,1,1,0.0,0.0,0.0,0.0,0.0
adfe102,CampaignManager,grpc-server,16,16,2.040028653631277,5.400751570622789,7.440780224254066,9.192810086355852,20.01115461332529
adfe102,CampaignManager,grpc_global,1,1,0.003948573541391639,0.1259411350915175,0.12988970863290913,0.12988970863290913,0.12988970863290913
adfe102,CampaignManager,grpcpp_sync,1,1,0.000458099055452432,0.0013854296636546224,0.0018435287191070546,0.0018435287191070546,0.0018435287191070546
adfe102,CampaignManager,http-server,4,4,1.8920412073295159e-06,0.0,1.8920412073295159e-06,1.8920412073295159e-06,6.432940104920351e-06
adfe102,CampaignManager,jemalloc_bg,4,4,0.648014970012579,0.09828904584637405,0.746304015858953,0.8038322420176338,0.871840834306961
adfe102,CampaignManager,lifeguard,1,1,0.003887308389598518,0.12083445766461594,0.12472176605421445,0.12472176605421445,0.12472176605421445
adfe102,CampaignManager,task-runner,5,5,6.170325664442804,4.565244788013639,10.735570452456443,1.4653247690915547,41.203414251609765
adfe102,ChannelServer,cs-grpc-p,16,16,28.681034351520104,19.05765939688142,47.73869374840152,49.32081614422106,50.9601918163077
adfe102,ChannelServer,event_engine,16,16,1.8041608038312011,6.373883582403536,8.178044386234738,9.664758081029465,13.165813364441604
adfe102,ChannelServer,fast-scheduler,1,1,0.0,0.0,0.0,0.0,0.0
adfe102,ChannelServer,grpc-server,16,16,1.838349952572654,4.757934081327567,6.596284033900221,6.69189630734436,17.432480517150264
adfe102,ChannelServer,grpc_global,1,1,0.003692785770156756,0.06673172513264998,0.07042451090280674,0.07042451090280674,0.07042451090280674
adfe102,ChannelServer,grpcpp_sync,2,2,0.00031120284111491557,0.006419963608070701,0.006731166449185617,0.007309355850483315,0.007771907371521474
adfe102,ChannelServer,http-server,4,4,1.6012496112592945e-06,2.848540975116879e-06,4.449790586376174e-06,4.449790586376174e-06,1.5129287993678984e-05
adfe102,ChannelServer,jemalloc_bg,4,4,0.04483965590579394,0.027102228295301695,0.07194188420109562,0.07918008398552041,0.07960863238148028
adfe102,ChannelServer,lifeguard,1,1,0.004144068660597304,0.28575219762698645,0.28989626628758375,0.28989626628758375,0.28989626628758375
adfe102,ChannelServer,task-runner,2,2,0.25366225375090246,0.03733910585172748,0.29100135960262996,0.43650203940394494,0.5529025832449969
adfe102,FCGIActionServer,bid-request,64,64,0.06813273132898137,0.571378202719505,0.6395109340484864,0.7897349071484241,1.0880905579822948
adfe102,FCGIAdServer,bid-request,128,128,2.7935266655562195e-06,2.3483612788388377e-05,2.62771394539446e-05,0.0,3.9997815289597013e-05
adfe102,FCGIRtbServer,bid-request,20,20,45.856943048998744,33.11729675815347,78.97423980715223,87.02719801578371,91.7620826723883
adfe102,FCGIRtbServer,event_engine,16,16,3.9343566896764455,33.89916588598859,37.83352257566503,42.29951184405651,46.46498834049822
adfe102,FCGIRtbServer,fast-scheduler,10,10,4.463515610294103,49.73177410495143,54.19528971524553,59.378066736047145,76.96264619028018
adfe102,FCGIRtbServer,fcgi-accept,16,16,15.006701028783585,62.35333982868851,77.3600408574721,82.54680951654424,86.04459797704112
adfe102,FCGIRtbServer,grpc-asio-p,10,10,13.361418644020524,36.76911979545489,50.130538439475416,56.28541062206992,57.58937956875103
adfe102,FCGIRtbServer,grpc-common,16,16,13.86448884269683,41.27893406535683,55.143422908053665,57.16721301853347,66.9339573844284
adfe102,FCGIRtbServer,grpc_global,1,1,0.005660316959159317,0.10250577611433105,0.10816609307349036,0.10816609307349036,0.10816609307349036
adfe102,FCGIRtbServer,http-server,4,4,4.84329049084489e-06,1.1413497229107232e-05,1.6256787719952124e-05,1.6256787719952124e-05,5.5273078247837196e-05
adfe102,FCGIRtbServer,jemalloc_bg,4,4,1.3886872809054265,0.537586882071574,1.9262741629770006,2.2592734000503323,2.282958090400321
adfe102,FCGIRtbServer,lifeguard,1,1,0.0063579747897866004,0.24144640488325148,0.24780437967303806,0.24780437967303806,0.24780437967303806
adfe102,FCGIRtbServer,task-runner,9,9,0.7490998527496429,1.403492523565738,2.152592376315381,0.04883311047795632,11.525062181555564
adfe102,FCGITrackServer,bid-request,64,64,0.11584529501908074,0.6220039713221476,0.7378492663412283,0.8879314266839278,1.1971322778598725
adfe102,FCGIUserBindServer,bid-request,64,64,0.5313597543828338,3.396943029536776,3.92830278391961,4.999435535562037,6.866663836382127
adfe102,UserBindServer,event_engine,16,16,1.4329542122731793,27.7318548120285,29.16480902430168,33.56955262841615,45.10002229458392
adfe102,UserBindServer,fast-scheduler,1,1,6.861967732263887,41.11614284326362,47.9781105755275,47.9781105755275,47.9781105755275
adfe102,UserBindServer,grpc-server,16,16,2.2650572460940857,16.532134753855207,18.79719199994929,22.039552286259422,34.59302082307036
adfe102,UserBindServer,grpc_global,1,1,0.005374897861784796,0.20393204399073792,0.2093069418525227,0.2093069418525227,0.2093069418525227
adfe102,UserBindServer,http-server,4,4,3.667415776315914e-06,0.00021196390687414912,0.00021563132265046503,0.00021563132265046503,0.0007331464970115808
adfe102,UserBindServer,jemalloc_bg,4,4,0.09545577815921588,0.03239665955162164,0.1278524377108375,0.13915670296646337,0.1412929230478461
adfe102,UserBindServer,lifeguard,1,1,0.008409305958444762,0.376873930338393,0.38528323629683775,0.38528323629683775,0.38528323629683775
adfe102,UserBindServer,rdb-batch,16,16,36.81822167799676,44.594969196947346,81.4131908749441,85.42742595208239,87.33653439014341
adfe102,UserBindServer,task-runner,13,13,0.0037132219831441065,0.0015128863121987265,0.005226108295342833,0.0,0.030583016341925805
adfe102,UserBindServer,ub-grpc-p,8,8,15.400549575115578,65.275997508041,80.67654708315658,81.52451052985616,84.64953325899232
adfe102,UserInfoManager,event_engine,16,16,1.2553749505096887,17.897091008948976,19.152465959458663,21.020302955747653,26.747461242179675
adfe102,UserInfoManager,fast-scheduler,1,1,4.924024032911605,3.2684081443509934,8.1924321772626,8.1924321772626,8.1924321772626
adfe102,UserInfoManager,grpc-server,16,16,1.5856937312545971,3.5795227732373247,5.165216504491922,5.995195218693139,6.944119988402845
adfe102,UserInfoManager,grpc_global,1,1,0.003448964496016726,0.10124587208686882,0.10469483658288553,0.10469483658288553,0.10469483658288553
adfe102,UserInfoManager,grpcpp_sync,1,1,0.00036556907791624306,0.0016149741079273525,0.0019805431858435957,0.0019805431858435957,0.0019805431858435957
adfe102,UserInfoManager,http-server,4,4,2.7857493236943508e-06,8.822685358087267e-05,9.101260290456701e-05,9.101260290456701e-05,0.0003094428498755277
adfe102,UserInfoManager,jemalloc_bg,4,4,0.7748192604362121,0.4122761874103357,1.1870954478465479,1.2336254736336318,2.010952030419472
adfe102,UserInfoManager,lifeguard,1,1,0.00608175769017808,0.15797479048126686,0.16405654817144494,0.16405654817144494,0.16405654817144494
adfe102,UserInfoManager,rdb-batch,16,16,14.630967568699567,33.9847166702608,48.61568423896037,53.52560659870173,57.6830372664301
adfe102,UserInfoManager,task-runner,13,13,0.007845034300563079,0.0008890312969874214,0.0087340655975505,0.0,0.05258666583335979
adfe102,UserInfoManager,uim-grpc-p,10,10,21.297306973481795,40.24303138543179,61.540338358913594,63.42227279905509,69.72783955527329
adfe200,CampaignManager,bs-grpc,4,4,1.0677750584466161,4.135172096038877,5.202947154485493,6.521185673210019,6.790707197601321
adfe200,CampaignManager,bs-grpc-c,1,1,5.464717163873626,9.782624625222503,15.247341789096131,15.247341789096131,15.247341789096131
adfe200,CampaignManager,cm-grpc-p,16,16,14.621644394912478,9.958288357667415,24.579932752579893,26.58306924361927,27.037178544989068
adfe200,CampaignManager,cm-logging,4,4,16.27355625831909,20.708926587347744,36.98248284566683,37.28635301370633,37.678697677742605
adfe200,CampaignManager,event_engine,16,16,1.9616590380024999,12.031489239351282,13.99314827735378,17.87285981680506,18.98344731518262
adfe200,CampaignManager,fast-scheduler,1,1,0.0,0.0,0.0,0.0,0.0
adfe200,CampaignManager,grpc-server,16,16,1.946752450905835,6.7483040492301285,8.695056500135964,11.016147645588312,14.66696887101729
adfe200,CampaignManager,grpc_global,1,1,0.003971469634595642,0.02753390547785757,0.031505375112453216,0.031505375112453216,0.031505375112453216
adfe200,CampaignManager,grpcpp_sync,1,1,0.0004441249404991013,0.00028138662896836205,0.0007255115694674634,0.0007255115694674634,0.0007255115694674634
adfe200,CampaignManager,http-server,4,4,3.1019162510926066e-06,3.995999464642631e-06,7.097915715735239e-06,7.097915715735239e-06,2.4132913433499803e-05
adfe200,CampaignManager,jemalloc_bg,4,4,0.6147282264761438,0.20597862752935667,0.8207068540055004,0.8632731744694153,0.9041504312929528
adfe200,CampaignManager,lifeguard,1,1,0.004097430117720295,0.1570621637911917,0.161159593908912,0.161159593908912,0.161159593908912
adfe200,CampaignManager,task-runner,5,5,7.4138924578361145,0.7936181097096697,8.207510567545784,9.408531974674277,25.801174537963973
adfe200,ChannelServer,cs-grpc-p,16,16,30.726566680824025,7.78379386649169,38.51036054731571,39.026096601043754,40.12911484739372
adfe200,ChannelServer,event_engine,16,16,1.5751513388258913,10.467600015766568,12.042751354592458,15.701399141847883,17.367878658542402
adfe200,ChannelServer,fast-scheduler,1,1,0.0,0.0,0.0,0.0,0.0
adfe200,ChannelServer,grpc-server,16,16,1.6251592256782514,4.046852305256791,5.672011530935041,8.596386201938486,11.497544443760646
adfe200,ChannelServer,grpc_global,1,1,0.0040799562867279895,0.06863432680483046,0.07271428309155845,0.07271428309155845,0.07271428309155845
adfe200,ChannelServer,grpcpp_sync,2,2,0.0003758504496460624,0.0025837418205141623,0.002959592270160225,0.0031208635818875032,0.003249880631269326
adfe200,ChannelServer,http-server,4,4,2.443041339364275e-06,2.4933996659509354e-05,2.7377037998873632e-05,2.7377037998873632e-05,9.308192919617031e-05
adfe200,ChannelServer,jemalloc_bg,4,4,0.03318703917882174,0.01992589758046108,0.053112936759282824,0.06804121875929112,0.08570441769289347
adfe200,ChannelServer,lifeguard,1,1,0.003971066801316277,0.07641993942843264,0.08039100622974893,0.08039100622974893,0.08039100622974893
adfe200,ChannelServer,task-runner,2,2,0.2291660632145253,0.08856696171772224,0.31773302493224753,0.4765995373983713,0.6036927473712703
adfe200,FCGIActionServer,bid-request,64,64,0.060969282305700354,0.536861053166081,0.5978303354717813,0.7914189743042954,1.349323704509938
adfe200,FCGIAdServer,bid-request,128,128,2.79895275001497e-06,1.0888127447531273e-05,1.3687080197546242e-05,0.0,3.753137830512943e-05
adfe200,FCGIRtbServer,bid-request,20,20,42.769963786807054,41.51600654274555,84.28597032955261,88.12342726706069,89.30496471674952
adfe200,FCGIRtbServer,event_engine,16,16,3.179202206352933,39.76247231183696,42.94167451818989,48.77118404017023,57.25204832171058
adfe200,FCGIRtbServer,fast-scheduler,10,10,4.093238413498539,61.182708473298604,65.27594688679714,70.31235680756086,74.67382779432337
adfe200,FCGIRtbServer,fcgi-accept,16,16,14.700674220741256,59.47162939566882,74.17230361641008,83.10226386772104,85.7554625158465
adfe200,FCGIRtbServer,grpc-asio-p,10,10,13.272989875656636,34.222573993487686,47.49556386914433,57.41021240097914,59.99413696036049
adfe200,FCGIRtbServer,grpc-common,16,16,13.177158643289216,37.33008602917019,50.50724467245941,60.81474802736216,72.22674391866737
adfe200,FCGIRtbServer,grpc_global,1,1,0.005100016983400391,0.13721323028375282,0.14231324726715322,0.14231324726715322,0.14231324726715322
adfe200,FCGIRtbServer,http-server,4,4,5.0158326613455125e-06,1.3504956524029291e-05,1.8520789185374804e-05,1.8520789185374804e-05,6.29706832302743e-05
adfe200,FCGIRtbServer,jemalloc_bg,4,4,1.5494839622021352,0.2242266447929423,1.7737106069950777,1.8089541365233843,1.9481917259692603
adfe200,FCGIRtbServer,lifeguard,1,1,0.006541397956960444,0.2057966355954054,0.21233803355236586,0.21233803355236586,0.21233803355236586
adfe200,FCGIRtbServer,task-runner,9,9,0.765261269049471,1.1373718972336069,1.9026331662830778,0.06494568496567676,10.138142953292522
adfe200,FCGITrackServer,bid-request,64,64,0.10768845212209828,0.5367070729445228,0.644395525066621,0.8375854079525575,1.3275753901986325
adfe200,FCGIUserBindServer,bid-request,64,64,0.4995799645956485,3.2789581691315233,3.7785381337271717,5.016449689262847,8.183285834499582
adfe200,UserBindServer,event_engine,16,16,1.4588067197254677,25.65539636986103,27.114203089586496,32.536646062540406,47.580039282793535
adfe200,UserBindServer,fast-scheduler,1,1,6.013087023240021,44.62575643850533,50.63884346174534,50.63884346174534,50.63884346174534
adfe200,UserBindServer,grpc-server,16,16,1.9216830504311329,9.52926239056212,11.450945440993253,17.81651468139547,21.03172452839309
adfe200,UserBindServer,grpc_global,1,1,0.005035041825438663,0.13123207075173537,0.13626711257717405,0.13626711257717405,0.13626711257717405
adfe200,UserBindServer,http-server,4,4,4.729957699645134e-06,0.00020607230572513964,0.00021080226342478476,0.00021080226342478476,0.0007167276956442679
adfe200,UserBindServer,jemalloc_bg,4,4,0.08948700901112712,0.008501592361013333,0.09798860137214045,0.11352015445799317,0.11887879094007878
adfe200,UserBindServer,lifeguard,1,1,0.005662435741384609,0.2615399276272908,0.26720236336867537,0.26720236336867537,0.26720236336867537
adfe200,UserBindServer,rdb-batch,16,16,33.5508902580754,46.42248390014592,79.97337415822132,82.89094549386539,84.19927286120942
adfe200,UserBindServer,task-runner,13,13,0.008002477427881424,0.00338966754587494,0.011392144973756365,0.0,0.06716942590108801
adfe200,UserBindServer,ub-grpc-p,8,8,16.611455839487057,37.71589549682576,54.327351336312816,54.77343750948667,69.38159388607491
adfe200,UserInfoManager,event_engine,16,16,1.3509116984305234,10.603147825263026,11.954059523693548,17.27723709226929,20.881302695753938
adfe200,UserInfoManager,fast-scheduler,1,1,3.422101950362928,22.819349200149055,26.241451150511985,26.241451150511985,26.241451150511985
adfe200,UserInfoManager,grpc-server,16,16,1.3286380982166752,7.247402493957996,8.576040592174671,12.611977767539633,13.326033247208573
adfe200,UserInfoManager,grpc_global,1,1,0.0033851623798118453,0.015840530044458054,0.0192256924242699,0.0192256924242699,0.0192256924242699
adfe200,UserInfoManager,grpcpp_sync,1,1,0.00035067161968602086,0.005979463698911317,0.006330135318597337,0.006330135318597337,0.006330135318597337
adfe200,UserInfoManager,http-server,4,4,1.4340831412044347e-06,0.0,1.4340831412044347e-06,1.4340831412044347e-06,4.875882680095076e-06
adfe200,UserInfoManager,jemalloc_bg,4,4,0.5005215103601315,0.19637838685719958,0.6968998972173311,0.7790570235438004,1.2431071795734538
adfe200,UserInfoManager,lifeguard,1,1,0.002971866435182481,0.07959685800281027,0.08256872443799276,0.08256872443799276,0.08256872443799276
adfe200,UserInfoManager,rdb-batch,16,16,15.538928049010513,21.57274938608727,37.11167743509778,43.536066685078026,43.80303382556154
adfe200,UserInfoManager,task-runner,13,13,0.00903482657162545,0.0026434533381554373,0.011678279909780888,0.0,0.0756713651953883
adfe200,UserInfoManager,uim-grpc-p,10,10,23.730672345422725,12.773760962823332,36.50443330824606,40.80355103324558,45.45024210792957
adfe201,CampaignManager,bs-grpc,4,4,1.0644379954702945,8.523660638806493,9.588098634276788,10.476175941869357,11.59329534259902
adfe201,CampaignManager,bs-grpc-c,1,1,5.5887017167371775,28.733482467260686,34.32218418399786,34.32218418399786,34.32218418399786
adfe201,CampaignManager,cm-grpc-p,16,16,17.66200262212685,9.588853420991635,27.250856043118482,28.341424552145952,30.53852438501903
adfe201,CampaignManager,cm-logging,4,4,18.924652467787332,21.04682674400157,39.97147921178891,42.72598928137745,49.626831797847416
adfe201,CampaignManager,event_engine,16,16,2.0300326962252266,15.210312593686512,17.240345289911737,18.62871950228978,19.7097581103628
adfe201,CampaignManager,fast-scheduler,1,1,0.0,0.0,0.0,0.0,0.0
adfe201,CampaignManager,grpc-server,16,16,2.0906416022649355,7.619306454387736,9.70994805665267,15.16406971423327,17.662105225737662
adfe201,CampaignManager,grpc_global,1,1,0.004121578845033681,0.066592644865305,0.07071422371033867,0.07071422371033867,0.07071422371033867
adfe201,CampaignManager,grpcpp_sync,1,1,0.0004021575702346434,0.0074618977107364206,0.007864055280971064,0.007864055280971064,0.007864055280971064
adfe201,CampaignManager,http-server,4,4,3.495374161855881e-06,9.27058111037159e-06,1.2765955272227471e-05,1.2765955272227471e-05,4.340424792557338e-05
adfe201,CampaignManager,jemalloc_bg,4,4,0.5097223556087087,0.16573520963390653,0.6754575652426152,0.7795493445327943,0.8824616845557873
adfe201,CampaignManager,lifeguard,1,1,0.003625719463934149,0.06949324516977971,0.07311896463371387,0.07311896463371387,0.07311896463371387
adfe201,CampaignManager,task-runner,5,5,8.279598605829316,2.5976489762517443,10.87724758208106,15.3125072349316,33.062845796103744
adfe201,ChannelServer,cs-grpc-p,16,16,32.87849452428998,9.10067669943532,41.979171223725295,43.573880334897815,44.083581241761664
adfe201,ChannelServer,event_engine,16,16,1.4701675428796754,15.005260733448964,16.47542827632864,17.93524831586659,21.432315993233054
adfe201,ChannelServer,fast-scheduler,1,1,0.0,0.0,0.0,0.0,0.0
adfe201,ChannelServer,grpc-server,16,16,1.7871210744409447,9.048959466076006,10.836080540516951,13.626804040974083,14.766814331573148
adfe201,ChannelServer,grpc_global,1,1,0.003222780727220152,0.052994677792582864,0.05621745851980302,0.05621745851980302,0.05621745851980302
adfe201,ChannelServer,grpcpp_sync,2,2,0.00028160801580748594,0.0025422048904131635,0.002823812906220649,0.003174967530351786,0.0034558912296566947
adfe201,ChannelServer,http-server,4,4,2.583249380571242e-06,8.452372973233659e-06,1.1035622353804901e-05,1.1035622353804901e-05,3.752111600293665e-05
adfe201,ChannelServer,jemalloc_bg,4,4,0.03175803717651279,0.03358632402978065,0.06534436120629344,0.08127900651037796,0.11502262401910837
adfe201,ChannelServer,lifeguard,1,1,0.0028791531429507985,0.0980615918194711,0.1009407449624219,0.1009407449624219,0.1009407449624219
adfe201,ChannelServer,task-runner,2,2,0.24009664709469197,0.0754106491675318,0.3155072962622238,0.47326094439333566,0.5994638628982252
adfe201,FCGIActionServer,bid-request,64,64,0.06612009516872028,0.5705051501379718,0.6366252453066921,0.7628277885424007,1.1202920426605716
adfe201,FCGIAdServer,bid-request,128,128,3.165363824321293e-06,1.9790008275453217e-06,5.144364651866615e-06,0.0,4.109668181223029e-05
adfe201,FCGIRtbServer,bid-request,20,20,44.80411657627857,36.73310564800771,81.53722222428628,86.81185288030018,90.00548047331918
adfe201,FCGIRtbServer,event_engine,16,16,3.150031422404049,37.96340156353873,41.11343298594278,44.84504333396488,49.360105676771454
adfe201,FCGIRtbServer,fast-scheduler,10,10,4.375974146866413,55.6924084011197,60.06838254798611,68.70912584217608,70.50774052313392
adfe201,FCGIRtbServer,fcgi-accept,16,16,15.191766862373113,64.10454013166934,79.29630699404245,81.84425026584005,83.93589734766597
adfe201,FCGIRtbServer,grpc-asio-p,10,10,11.313615277045905,44.59106824038972,55.90468351743563,60.76613456646614,62.36402262100556
adfe201,FCGIRtbServer,grpc-common,16,16,13.306052851333856,40.13502723860352,53.44108008993737,60.64044025068931,64.35938650218557
adfe201,FCGIRtbServer,grpc_global,1,1,0.006266322997419296,0.12189789710384291,0.12816422010126222,0.12816422010126222,0.12816422010126222
adfe201,FCGIRtbServer,http-server,4,4,3.787207425211489e-06,9.526785215603929e-05,9.905505958125079e-05,9.905505958125079e-05,0.00033678720257625255
adfe201,FCGIRtbServer,jemalloc_bg,4,4,1.3525116037690843,0.5223312066686078,1.8748428104376922,2.042508077650463,2.1692796922523203
adfe201,FCGIRtbServer,lifeguard,1,1,0.005186327756387755,0.159164179334552,0.16435050709093973,0.16435050709093973,0.16435050709093973
adfe201,FCGIRtbServer,task-runner,9,9,0.8030106698746741,2.1446027968083996,2.9476134666830736,0.05335299587332963,15.81955202404901
adfe201,FCGITrackServer,bid-request,64,64,0.11350888506072865,0.5818379990012349,0.6953468840619634,0.8298521143041941,1.2737199526372707
adfe201,FCGIUserBindServer,bid-request,64,64,0.5766994387255806,3.501449578320952,4.078149017046533,5.0652998588252975,8.012237552888926
adfe201,UserBindServer,event_engine,16,16,1.3882966538758064,29.898261117837293,31.286557771713102,36.10452917319863,37.464201420917355
adfe201,UserBindServer,fast-scheduler,1,1,7.039028060468258,51.35110831035558,58.39013637082383,58.39013637082383,58.39013637082383
adfe201,UserBindServer,grpc-server,16,16,2.192735357857131,16.78104886828448,18.97378422614161,20.946006913260156,25.690761333447973
adfe201,UserBindServer,grpc_global,1,1,0.0057563682863663035,0.15856157864571427,0.16431794693208054,0.16431794693208054,0.16431794693208054
adfe201,UserBindServer,http-server,4,4,4.060707359629851e-06,6.296519323511953e-05,6.702590059474939e-05,6.702590059474939e-05,0.00022788806202214782
adfe201,UserBindServer,jemalloc_bg,4,4,0.10362949560936201,0.01898226623997232,0.12261176184933432,0.12516981444428077,0.12667045598444693
adfe201,UserBindServer,lifeguard,1,1,0.0062172038425307476,0.21630618213266162,0.22252338597519233,0.22252338597519233,0.22252338597519233
adfe201,UserBindServer,rdb-batch,16,16,39.584137920366096,42.0144980814523,81.5986360018184,85.59273656212801,88.43565089926838
adfe201,UserBindServer,task-runner,13,13,0.008168650220753772,0.0031849848516677143,0.011353635072421486,0.0,0.06545654223772715
adfe201,UserBindServer,ub-grpc-p,8,8,16.98861650018961,62.61438667973827,79.60300317992788,79.881034501718,80.70257711543138
adfe201,UserInfoManager,event_engine,16,16,1.345060390545369,13.048072277662909,14.393132668208278,16.08722077333229,17.181299629361767
adfe201,UserInfoManager,fast-scheduler,1,1,4.1137004065894915,14.08009303644809,18.193793443037585,18.193793443037585,18.193793443037585
adfe201,UserInfoManager,grpc-server,16,16,1.4479911705097739,8.952978590570106,10.400969761079882,11.268154217463527,13.126069717543494
adfe201,UserInfoManager,grpc_global,1,1,0.003688452115558362,0.2006499677201464,0.20433841983570478,0.20433841983570478,0.20433841983570478
adfe201,UserInfoManager,grpcpp_sync,1,1,0.0004251597313856985,0.008122819718922803,0.008547979450308501,0.008547979450308501,0.008547979450308501
adfe201,UserInfoManager,http-server,4,4,1.4539996513502702e-06,0.0,1.4539996513502702e-06,1.4539996513502702e-06,4.943598814590917e-06
adfe201,UserInfoManager,jemalloc_bg,4,4,0.6023984231362235,0.28728904286191803,0.8896874659981414,0.9464770224224297,1.3221046212519396
adfe201,UserInfoManager,lifeguard,1,1,0.0030253741078889607,0.08985646895361683,0.09288184306150579,0.09288184306150579,0.09288184306150579
adfe201,UserInfoManager,rdb-batch,16,16,16.6769293565322,28.287664228339036,44.96459358487124,47.96957364536917,50.398060446383745
adfe201,UserInfoManager,task-runner,13,13,0.010407907914578865,0.007486744461188758,0.017894652375767622,0.0,0.1043478745454375
adfe201,UserInfoManager,uim-grpc-p,10,10,24.214322141045074,27.634959807805103,51.84928194885018,55.258377795527785,56.51282358357841
