#META	node	0	0-17,36-53
#META	node	1	18-35,54-71
#TOPO	0	0	0	0,36
#TOPO	1	0	1	1,37
#TOPO	2	0	2	2,38
#TOPO	3	0	3	3,39
#TOPO	4	0	4	4,40
#TOPO	5	0	8	5,41
#TOPO	6	0	9	6,42
#TOPO	7	0	10	7,43
#TOPO	8	0	11	8,44
#TOPO	9	0	16	9,45
#TOPO	10	0	17	10,46
#TOPO	11	0	18	11,47
#TOPO	12	0	19	12,48
#TOPO	13	0	20	13,49
#TOPO	14	0	24	14,50
#TOPO	15	0	25	15,51
#TOPO	16	0	26	16,52
#TOPO	17	0	27	17,53
#TOPO	18	1	0	18,54
#TOPO	19	1	1	19,55
#TOPO	20	1	2	20,56
#TOPO	21	1	3	21,57
#TOPO	22	1	4	22,58
#TOPO	23	1	8	23,59
#TOPO	24	1	9	24,60
#TOPO	25	1	10	25,61
#TOPO	26	1	11	26,62
#TOPO	27	1	16	27,63
#TOPO	28	1	17	28,64
#TOPO	29	1	18	29,65
#TOPO	30	1	19	30,66
#TOPO	31	1	20	31,67
#TOPO	32	1	24	32,68
#TOPO	33	1	25	33,69
#TOPO	34	1	26	34,70
#TOPO	35	1	27	35,71
#TOPO	36	0	0	0,36
#TOPO	37	0	1	1,37
#TOPO	38	0	2	2,38
#TOPO	39	0	3	3,39
#TOPO	40	0	4	4,40
#TOPO	41	0	8	5,41
#TOPO	42	0	9	6,42
#TOPO	43	0	10	7,43
#TOPO	44	0	11	8,44
#TOPO	45	0	16	9,45
#TOPO	46	0	17	10,46
#TOPO	47	0	18	11,47
#TOPO	48	0	19	12,48
#TOPO	49	0	20	13,49
#TOPO	50	0	24	14,50
#TOPO	51	0	25	15,51
#TOPO	52	0	26	16,52
#TOPO	53	0	27	17,53
#TOPO	54	1	0	18,54
#TOPO	55	1	1	19,55
#TOPO	56	1	2	20,56
#TOPO	57	1	3	21,57
#TOPO	58	1	4	22,58
#TOPO	59	1	8	23,59
#TOPO	60	1	9	24,60
#TOPO	61	1	10	25,61
#TOPO	62	1	11	26,62
#TOPO	63	1	16	27,63
#TOPO	64	1	17	28,64
#TOPO	65	1	18	29,65
#TOPO	66	1	19	30,66
#TOPO	67	1	20	31,67
#TOPO	68	1	24	32,68
#TOPO	69	1	25	33,69
#TOPO	70	1	26	34,70
#TOPO	71	1	27	35,71
